<configuration>
	<jmxConfigurator />

	<appender name="splunk" class="ch.qos.logback.core.rolling.RollingFileAppender">
		<file>tn_messaging_splunk.log</file>
		<append>true</append>
		<!-- deny all events with a level below INFO, that is TRACE and DEBUG -->
	    <filter class="ch.qos.logback.classic.filter.ThresholdFilter">
	      <level>INFO</level>
	    </filter>
	    
    	<rollingPolicy class="ch.qos.logback.core.rolling.TimeBasedRollingPolicy">
      		
      		<!-- daily + Size Based rollover -->
      		<fileNamePattern>tn_messaging_splunk-%d{yyyy-MM-dd}.%i.txt</fileNamePattern>

			<timeBasedFileNamingAndTriggeringPolicy class="ch.qos.logback.core.rolling.SizeAndTimeBasedFNATP">
        		<!-- or whenever the file size reaches 100MB -->
        		<maxFileSize>100MB</maxFileSize>
      		</timeBasedFileNamingAndTriggeringPolicy>

			<maxHistory>30</maxHistory>
			
    	</rollingPolicy>
	    <encoder>
    	  <pattern>%d{HH:mm:ss.SSS} [%-8thread] %-1level [%X{REQ}] %logger{35} - %msg%n</pattern>
		</encoder>
	</appender>
	
	<root level="info">
		<appender-ref ref="splunk" />
	</root>
</configuration>